Mean absolute error [MPG],Computation time [s]
3.827373743057251,4.595453788
2.0924839973449707,3.8680382689999995
3.3523826599121094,5.078055153000001
1.9651803970336914,4.2965371380000015
